<?xml version="1.0" encoding="utf-8" ?>
<dwsync>
<file name="Ausuario.php" local="128155033105781250" remote="128155033100000000" testing="0" />
<file name="edit_usuario.php" local="128155036350937500" remote="128155036350000000" testing="0" />
<file name="elim_usuario.php" local="128155040462187500" remote="128155040460000000" testing="0" />
<file name="Eusuario.php" local="128155037341875000" remote="128155037340000000" testing="0" />
<file name="insert_usuario.php" local="128155033564218750" remote="128155033560000000" testing="0" />
<file name="menu_usuario.php" local="128148150545468750" remote="128148150540000000" testing="0" />
<file name="Musuario.php" local="128155035572656250" remote="128155035570000000" testing="0" />
<file name="ver_elimusuario.php" local="128155037979218750" remote="128155037970000000" testing="0" />
<file name="ver_modiusuario.php" local="128155035877031250" remote="128155035870000000" testing="0" />
</dwsync>